CORTE,MODELO,TALLAS,PIEZAS,URL_IMG
CLOUD COLOMBIANO ,CCE23005,7 - 17 ,,
CLOUD COLOMBIANO ,CCE23009,7 - 17 ,,
CLOUD COLOMBIANO ,CCE23012A,7 - 17 ,,
CLOUD COLOMBIANO ,CCE2301B,7 - 17 ,,
CLOUD COLOMBIANO ,CCE23013 ,7 - 17 ,,
CLOUD COLOMBIANO ,CCE23015,7 - 17 ,,
CLOUD COLOMBIANO ,CCE23085,7 - 17 ,,
CLOUD COLOMBIANO ,CCE23095,7 - 17 ,,
CLOUD PLUS ,CX2055 -PBB,14 - 22,,
CLOUD PLUS ,CX2042-P,14 - 22,,
CLOUD PLUS ,CX2044-P,14 - 22,,
CLOUD PLUS ,CX2058- PBB,14 - 22,,
CLOUD PLUS ,CX2053-PBB,14 - 22,,
CLOUD PLUS ,CX2059 - PBB,14 - 22,,
SKINNY CLOUD JUVENILES ,CX338 ,1 - 15,,
SKINNY CLOUD JUVENILES ,CX132,1 - 15,,
SKINNY CLOUD JUVENILES ,C4010,1 - 15,,
SKINNY CLOUD JUVENILES ,CL4104,1 - 15,,
SKINNY CLOUD JUVENILES ,CL4063,1 - 15,,
SKINNY CLOUD JUVENILES ,CL4022,1 - 15,,
SKINNY CLOUD JUVENILES ,CG0035,1 - 15,,
SKINNY CLOUD JUVENILES ,CL4014,1 - 15,,
SKINNY CLOUD JUVENILES ,CG0031,1 - 15,,
SKINNY CLOUD JUVENILES ,CG0029,1 - 15,,
SKINNY CLOUD JUVENILES ,CG0021,1 - 15,,
CLOUD BB Y FLARE JUVENILES,CX200 -F,1 - 15,,
CLOUD BB Y FLARE JUVENILES,CX 1992 - F,1 - 15,,
CLOUD BB Y FLARE JUVENILES,CX1998 -F,1 - 15,,
CLOUD BB Y FLARE JUVENILES,CX1732 - BB,1 - 15,,
CLOUD BB Y FLARE JUVENILES,CX1836 - BB,1 - 15,,
CLOUD BB Y FLARE JUVENILES,CX1925- BB,1 - 15,,
KIU JEANS,KIU 270042,1  - 11,,
KOKO SKINNY ESPECIALES,KOE2170BK,7 - 17,,
KOKO SKINNY ESPECIALES,KOE2170DK2,7 - 17,,
KOKO SKINNY ESPECIALES,KOE2170DK10,7 - 17,,
KOKO SKINNY ESPECIALES,KOE2171DD313,7 - 17,,
KOKO SKINNY ESPECIALES,KOE2171DK10,7 - 17,,
KOKO SKINNY ESPECIALES,KOE2172DK4,7 - 17,,
KOKO SKINNY ESPECIALES,KOE2172MD4,7 - 17,,
KOKO SKINNY ESPECIALES,KOE2173DK4,7 - 17,,
KOKO SKINNY ESPECIALES,KOE2173DV1,7 - 17,,
KOKO SKINNY ESPECIALES,KOE2174DD113,7- 17,,
KOKO SKINNY ESPECIALES,KOE2174DD3,7 - 17,,
KOKO SKINNY ESPECIALES,KOE2174DD315,7 - 17,,
KOKO SKINNY ESPECIALES,KOE2174DK8,7 - 17,,
KOKO SKINNY ESPECIALES,KOE2174DK10,7 - 17,,
KOKO SKINNY ESPECIALES,KOE2179BK,7 - 17,,
KOKO SKINNY ESPECIALES,KOE2180BK,7 - 17,,
KOKO SKINNY ESPECIALES,KOE2185BK,7 - 17,,
KOKO SKINNY ESPECIALES,KOE2188BK,7 - 17,,
KOKO COLLECTION WIDE LEG,KC440-S,1 - 11,,
KOKO COLLECTION WIDE LEG,KX445-S,1 - 11,,
KOKO COLLECTION WIDE LEG,KX330-W,1 - 11,,
KOKO COLLECTION WIDE LEG,KX339-W,1 - 11,,
KOKO COLLECTION WIDE LEG,KX406-W ,1 - 11,,
KOKO COLLECTION WIDE LEG,KO409-W,1 - 11,,
KOKO COLLECTION WIDE LEG,KX359-W,1 - 11,,
NIKKY ,N361,1 - 15,,
NIKKY ,N366,1 - 15,,
NIKKY ,N378,1 - 15,,
NIKKY ,N381,1 - 15 ,,
NIKKY ,N382,1 - 15 ,,
NIKKY ,N383,1 - 15,,
KOKO BB Y FLARE JUVENILES,KO3075 BB,1 - 15,,
KOKO BB Y FLARE JUVENILES,KO3196 BB,1 - 15,,
KOKO BB Y FLARE JUVENILES,KO3197 BB,1 - 15,,
KOKO BB Y FLARE JUVENILES,KO3203 BB,1 - 15,,
KOKO BB Y FLARE JUVENILES,KO3208 BB,1 - 15,,
KOKO BB Y FLARE JUVENILES,KO3211 BB,1 - 15,,
KOKO BB Y FLARE JUVENILES,KO 3214 BB,1 - 15,,
CLOUD MEN ,M 54,28 - 38,,
CLOUD MEN ,M 55 ,28 - 38,,
CLOUD MEN ,M 56,28 - 38,,
CLOUD MEN ,M 57 ,28 - 38,,
CLOUD MEN ,M 58,28 - 38,,
CLOUD MEN ,M 59,28 - 38,,
CLOUD MEN ,M 61,28 - 38,,
CLOUD MEN ,M 62,28 - 38,,
CLOUD MEN ,M 63,28 - 38,,
CLOUD MEN ,M 64,28 - 38,,
CLOUD MEN ,M 65,28 - 38,,
CLOUD MEN ,M 66,28 - 38,,
CLOUD MEN ,M 67,28 - 38,,
CLOUD MEN ,M 68,28 - 38,,
CLOUD MEN ,M 69,28 - 38,,
CORTOS Y MODA,CX1464,"CH, M Y L",25,
CORTOS Y MODA,CX1608,"CH, M Y L",20,
CORTOS Y MODA,CX1622,"CH, M Y L",20,
CORTOS Y MODA,C5045,"CH, M Y L",24,
CORTOS Y MODA,CX1527,"CH, M Y L",24,
CORTOS Y MODA,CX1400,"CH, M Y L",25,
CORTOS Y MODA,CC23086,1 A LA 11,12,
KOKO PLUS,KP109-PBB,14 A LA 22,,
KOKO PLUS,KP118-PBB,14 A LA 22,,
KOKO PLUS,KP101-P,14 A LA 22,,
KOKO PLUS,KP112-PBB,14 A LA 22,,
KOKO PLUS,KP115-PBB,14 A LA 22,,
KOKO PLUS,KP103-P,14 A LA 22,,
KOKO PLUS,KP104-P,14 A LA 22,,
KOKO PLUS,KP100-P,14 A LA 22,,
KOKO PLUS,KP116-PBB,14 A LA 22,,
KOKO PLUS,KP114-PBB,14 A LA 22,,
KOKO PLUS,KP97-P,14 A LA 22,,
CLOUD BOTA Y FLARE ESPECIAL,CX2010F,7 A LA 17,,
CLOUD BOTA Y FLARE ESPECIAL,CX1938BB,7 A LA 17,,
CLOUD BOTA Y FLARE ESPECIAL,CX2009F,7 A LA 17,,
KOKO ECO. BOTA Y FLARE,KX378BB,1 A LA15,,
KOKO ECO. BOTA Y FLARE,KX308F,1 A LA15,,
KOKO ECO. BOTA Y FLARE,KX431BB,1 A LA15,,
KOKO ECO. BOTA Y FLARE,KX421BB,1 A LA15,,
KOKO ECO. BOTA Y FLARE,KX241BB,1 A LA15,,
KOKO ECO. BOTA Y FLARE,KX426BB,1 A LA15,,
KOKO ECO. BOTA Y FLARE,KX309F,1 A LA15,,
KOKO ECO. BOTA Y FLARE,KX321BB,1 A LA15,,
KOKO ECO. BOTA Y FLARE,KX413BB,1 A LA15,,
CLOUD WIDE LEG,C2651,1 A LA 11,,
CLOUD WIDE LEG,C2650,1 A LA 11,,
CLOUD WIDE LEG,C5038,1 A LA 11,,
CLOUD WIDE LEG,C5070,1 A LA 11,,
CLOUD WIDE LEG,CX1311,1 A LA 11,,
CLOUD WIDE LEG,CX2022W,7 A LA 17,,
CLOUD WIDE LEG,C2603,1 A LA 11,,
CLOUD WIDE LEG,C2646,1 A LA 11,,
CLOUD WIDE LEG,C5082,1 A LA 11,,
CLOUD WIDE LEG,C5019,1 A LA 11,,
CLOUD WIDE LEG,C5029,1 A LA 11,,
CLOUD WIDE LEG,C5040,1 A LA 11,,
CLOUD WIDE LEG,C5068,1 A LA 11,,
CLOUD WIDE LEG,CX1299,1 A LA 11,,
CLOUD WIDE LEG,C5007,1 A LA 11,,
CLOUD WIDE LEG,CX1599W,1 A LA 11,,
CLOUD WIDE LEG,CX1750W,1 A LA 11,,
CLOUD WIDE LEG,CX1749W,1 A LA 11,,
CLOUD WIDE LEG,CX1681W,1 A LA 11,,
CLOUD WIDE LEG,CX1742W,1 A LA 11,,
CLOUD WIDE LEG,CX1683W,1 A LA 11,,
CLOUD WIDE LEG,CX1743W,1 A LA 11,,
CLOUD WIDE LEG,CX1679W,1 A LA 11,,
KOKO PREMIUM BOTA Y FLARE ESPECIAL,KOE3138BB,7 A LA 17,,
KOKO PREMIUM BOTA Y FLARE ESPECIAL,KOE3139BB,7 A LA 17,,
KOKO PREMIUM BOTA Y FLARE ESPECIAL,KOE3140BB,7 A LA 17,,
KOKO PREMIUM BOTA Y FLARE ESPECIAL,KOE3145BB,7 A LA 17,,
KOKO PREMIUM BOTA Y FLARE ESPECIAL,KOE3146BB,7 A LA 17,,
KOKO PREMIUM BOTA Y FLARE ESPECIAL,KOE3147BB,7 A LA 17,,
KOKO PREMIUM BOTA Y FLARE ESPECIAL,KOE3150BB,7 A LA 17,,
KOKO PREMIUM BOTA Y FLARE ESPECIAL,KOE3151BB,7 A LA 17,,
KOKO PREMIUM BOTA Y FLARE ESPECIAL,KOE3152BB,7 A LA 17,,
KOKO PREMIUM BOTA Y FLARE ESPECIAL,KOE3161BB,7 A LA 17,,
KOKO ECO. MOM Y CORTOS,KX275M,1 A LA 11,,
KOKO ECO. MOM Y CORTOS,KX300M,1 A LA 11,,
KOKO ECO. MOM Y CORTOS,KX277,1 A LA 11,,
KOKO ECO. MOM Y CORTOS,KX225,1 A LA 11,25,
KOKO ECO. MOM Y CORTOS,KP07,1 A LA 11,20,
KOKO ECO. MOM Y CORTOS,KX305M,1 A LA 11,,
KOKO MOM Y STRAIGHT,KO105,1 A LA 11,,
KOKO MOM Y STRAIGHT,KO108,1 A LA 11,,
KOKO MOM Y STRAIGHT,KO302,1 A LA 11,,
KOKO MOM Y STRAIGHT,KO305,1 A LA 11,,
KOKO MEN,K2402,28 A LA 36,,
KOKO MEN,K2406,28 A LA 36,,
KOKO MEN,K2408,28 A LA 36,,
KOKO MEN,K2413,28 A LA 36,,
KOKO MEN,K2415,28 A LA 36,,