IdImage,Marca,Corte,Modelo,Tipo de Paquete
1ZUdXzNs0F4TSzUEFajLs1ri7E50ixuCQ,CLOUD,SKINNY,CX1867,CAJA
1PGxj-9lWT99rbT8bIaPCzsD5hEzlrk4Z,CLOUD,SKINNY,CL4036,CAJA
1nD_FzFgU4NTEpX18lbGCjmxWRSi4S8Pb,CLOUD,STRAIGHT,CX1711,CAJA
1dMSKv9WE5Im5oI5kF5REA0CeJy7MKe8i,CLOUD,STRAIGHT,CX1334-S,CAJA
1WC7zv9uDAkvnwV9PMZ5nfqda2DEX4Bos,CLOUD,SKINNY,CL4074,CAJA
1VSWuEX7ATsCV5XXb5YeJANdgfxJqZ6MZ,CLOUD,SKINNY,CL4065,CAJA
1JOpqebWkMByEhPm9l1ur7nqyqI94z50q,KOKO_PREMIUM,BABY_BOOT,KO3140BB,CAJA
1p48oeBIdmaj2UpqGwzePEWPCgsFvqJsT,KOKO_PREMIUM,BABY_BOOT,KO3171BB,CAJA
1Rg6SpzeCGgVGNhKICfjno-ycldjvohtY,KOKO_PREMIUM,BABY_BOOT,KO3143BB,CAJA
1ctrsHQsF1MaPnYeY_vRFLpvx8hOHlKnG,KOKO_PREMIUM,BABY_BOOT,KO3141BB,CAJA
10KcovBu7zhdZv7zKMResjomWO8Hve37F,KOKO_PREMIUM,BABY_BOOT,KO3142BB,CAJA
1CTrdqTi0TaEIOkWz7FX38Fk92bedWMmr,KOKO_PREMIUM,BABY_BOOT,KO3139BB,CAJA
1CkoTHzZojAXM83Ug4e06Sq7_7eW3Ljn5,KOKO_PREMIUM,BABY_BOOT,KO3138BB,CAJA
1jcBdBde29E71dkQvs-xHoedSYsNWDE-t,KOKO_PREMIUM,BABY_BOOT,KO3134BB,CAJA
1myEnPezeD_-cyHZSqgAhAv1RRPD_2eOB,KOKO_PREMIUM,BABY_BOOT,KO3136BB,CAJA
1WXbGtEqsU4djpEkBDjJBpGINh1m8xUMY,KOKO_PREMIUM,BABY_BOOT,KO3130,CAJA
1m8o4GMcL5fNRRFg_2ZhpvqA-EpRz1CkS,KOKO_PREMIUM,BABY_BOOT,KO3126BB,CAJA
1AwdMU8ZIl6BK8tLsjA1Mu6tkAKrr2EcS,KOKO_PREMIUM,BABY_BOOT,KO3124BB,CAJA
1oRr21losdE9Uy3eoHyz6XiUkRtIHD5CZ,KOKO_PREMIUM,BABY_BOOT,KO3121BB,CAJA
1uThsCk91NTzg89L9nQPhdi2JnW1eW7bB,KOKO_PREMIUM,BABY_BOOT,KO3118BB,CAJA
1FxcXnYy-YhMkIjrYyZefDHfM-QZFmHx5,KOKO_PREMIUM,BABY_BOOT,KO3119BB,CAJA
12Oac3WW2rcraol3TwR4k1u7ysVmgFsUf,KOKO_PREMIUM,BABY_BOOT,KO3115BB,CAJA
1OadQ2gzLNd9UUQPJuJu1JeAPw900d_UI,KOKO_PREMIUM,BABY_BOOT,KO3111BB,CAJA
1l9E7CekPH_tfATYk0ccVu4v6cg-TlMBi,KOKO_PREMIUM,BABY_BOOT,KO3129BB,CAJA
1nbBQeQ4eYQiPmolwNFF4JuQxCjAS5bou,KOKO_PLUS,WIDE_LEG,KP131-PW,CAJA
1tKxz6UbXxt4rVZsllMRGIxfVkm7p10vB,KOKO_PLUS,SKINNY,KP145-P,CAJA
1kYph7waUlpkbSh2p-JTqi19t8BuZAxYt,KOKO_PLUS,WIDE_LEG,KP130-PW,CAJA
1_0aQuwUTl3g_zQq2ONUawhU0Kz1Gq-yq,KOKO_PLUS,SKINNY,KP146-P,CAJA
1dZG03Qr7MVbz_n5PpnbQR7JWFL4ijgmZ,KOKO_PLUS,SKINNY,KP144-P,CAJA
1M6QJzaIaqEIrowJUiS-1tHdZTPMk-UiR,KOKO_PLUS,BABY_BOOT,KP128-PBB,CAJA
1CgjAKGupP3QX5qEbQ9FEggN1R4OY5z3t,KOKO_PLUS,SKINNY,KP86,CAJA
1aAVhZhcH0wAkkNgDJeT-akCnQ_BWa4J5,KOKO_PLUS,SKINNY,KP84-P,CAJA
1ZtLrZ2MwyVdCeOooqa4cI2fhiwyY7DjB,KOKO_PLUS,SKINNY,KP87-P,CAJA
1yDAA9ZnFAS5ODLP41BJQsxIKScSaNw-G,KOKO_PLUS,BABY_BOOT,KP129-PBB,CAJA
1fai7UUprJLIuiWG3CYBB_HV19q65oqQN,KOKO_PLUS,SKINNY,KP85-P,CAJA
1vgtZ8mu4sTVdgVXZTAeb9kkmLVhBsR0f,KOKO_COLLECTION,WIDE_LEG,KX362-W,CAJA
1x8kpv0_Kc7pk7o35EFrvwtrmmoYaCbWJ,KOKO_PLUS,BABY_BOOT,KP121,CAJA
1ZZoUw51bBLl283snWjGBKT88b7c5xfZk,KOKO_PLUS,BABY_BOOT,KP122,CAJA
1_qHQljxgLYGXUErJPbJr13hb27FLoZ2r,KOKO_PLUS,BABY_BOOT,KP123,CAJA
1cLpruTiNxAw9Ve6IuascD8YT9JlhAqqv,KOKO_COLLECTION,WIDE_LEG,KX406,CAJA
1VH9iiysd20OOr-kzek4VJI88AwV9CeBz,KOKO_PLUS,BABY_BOOT,KP120,CAJA
1jx4OHyDsJv7BqMLzUvIyA05bIJKHAOiV,KOKO_PLUS,BABY_BOOT,KP117,CAJA
1HWpXFUGM0ge5oYbNvyItlJQvHAOTWFV3,KOKO_PLUS,BABY_BOOT,KP127-PBB,CAJA
1-Z106HDtM38WaP9G-epA9q_Y4lPSKg2g,KOKO_PLUS,BABY_BOOT,KP125-PBB,CAJA
1XbSZSO0Uc1gYTKkxUiVM_MnNl4iwFnq5,KOKO_PLUS,BABY_BOOT,KP124-PBB,CAJA
1oc8lqc8buYhEqIOZ06dwgAW5sdOLopH8,KOKO_PLUS,BABY_BOOT,KP119-P,CAJA
1X1N3pqHxvhTEYuqxr-VBDwtm_7FQ9GjQ,KOKO_COLLECTION,WIDE_LEG,KX365-W,CAJA
1JaPKjDfZJ8W3dcflEXVrqCqYpL11j618,KOKO_COLLECTION,WIDE_LEG,KX359-W,CAJA
1oAD36A5zwlNQduYfrxvjrqpIyuVF3bAl,KOKO_COLLECTION,WIDE_LEG,KX338-W,CAJA
1GIdWk4vjZtaVvhhfaH3qi2jy0Cjooktg,KOKO_COLLECTION,WIDE_LEG,KX361-1,CAJA
17UQzWyPodI7tHSuCudNRVcFW_vjHtNyF,KOKO_COLLECTION,WIDE_LEG,KX360-W,CAJA
1V5_AzfWb4n0CFcFCLo2Ljy26ZtN7ACxA,KOKO_COLLECTION,WIDE_LEG,KX358-W,CAJA
1zsJIJIEVnINE6lZrCQPgV63zvyzqlRw6,KOKO_COLLECTION,WIDE_LEG,KX357-W,CAJA
14XOk6zP1aFYsw0mZHFbBnkQwZVrPGI24,KOKO_COLLECTION,WIDE_LEG,KX337-W,CAJA
1OjGc3BzqkrCMVYkIaibX0DlG00ux24Be,KOKO_COLLECTION,FLARE,KX317-F,CAJA
1HNR69M85JuI2MAl9SKU0sLh4gLBJwyFO,KOKO_COLLECTION,WIDE_LEG,KX333-W,CAJA
1wVnBI6PM2g06INaIAU0_UNBzo1bVPW4f,KOKO_COLLECTION,WIDE_LEG,KX331-W,CAJA
1uT8a-Fq9uesfUuPHJb1adrf3K4aWVTsu,KOKO_COLLECTION,BOOT_CUT,KX382-BB,CAJA
1aXpftOXyN28MCUdejdevIOhmSzSZiRKk,KOKO_COLLECTION,WIDE_LEG,KX329-W,CAJA
1z9pFq1moCDmUjdyI1ubutX3f7Ve6JVWE,KOKO_COLLECTION,BOOT_CUT,KX376-BB,CAJA
12rm8bFUgTn5yn62ftMd4zUVr3KblSZ9O,KOKO_COLLECTION,BOOT_CUT,KX370-BB,CAJA
1m3ZSSDpc1UQROMlc2yJM4CiSKhZsCh8W,KOKO_COLLECTION,BOOT_CUT,KX379-BB,CAJA
1h6U9vm89AAxITzxeuibkHgtsQSemFo8F,KOKO_COLLECTION,FLARE,KX312-F,CAJA
1IreuWFJOvpzvvJKnl4Xg8vWyXs7OUplp,KOKO_COLLECTION,BOOT_CUT,KX381-BB,CAJA
1DFZV8ig9XZvGZOR8O66zPh4x6ub3ufoD,KOKO_COLLECTION,BOOT_CUT,KX374-BB,CAJA
1fUK-TBxLJ99R_QRfhqyT3OMO7xCKz1vC,KOKO_COLLECTION,BOOT_CUT,KX327-BB,CAJA
1OAA4ScLvTOLb1HoSv5Ee6dqLZtO12KKj,KOKO_COLLECTION,BOOT_CUT,KX373-BB,CAJA
167iZSVgr5lCLKLgMGloRHeaUvRXfyR6d,KOKO_COLLECTION,BOOT_CUT,KX368-BB,CAJA
1ZNG76nCNoVReNdifNoiOnrL3RKlW5SkC,KOKO_COLLECTION,BOOT_CUT,KX324-BB,CAJA
10uTMWQaPzj-0znG6_RoYN1g0XLb_MEaQ,KOKO_COLLECTION,BOOT_CUT,KX318-BB,CAJA
1ruxKpv17RgiisddgB_vEmGrGY0RsO2D_,CLOUD,STRAIGHT,CX1707-S,CAJA
14VA3DXznzzGHbVldQdrtZYY3O-Mj51N9,KOKO_COLLECTION,BOOT_CUT,KX363-BB,CAJA
1Xl9-DcOMtr4mg4vFBbMEv-ER0cdSGxd-,KOKO_COLLECTION,BOOT_CUT,KX236-BB,CAJA
1M-kYriVUolkjRmBz6G2_fXdioFceTD3D,CLOUD,STRAIGHT,CX1429-S,CAJA
12QU5Od5qAjPdrNKqtkwqZeUDsR6STjRb,CLOUD,STRAIGHT,CX1775-S,CAJA
18ctUCdooxWv2RaeCPTQD395Ldv0snNIF,CLOUD,SKINNY,CX881,CAJA
1VupNaHIKnRFxpB-HVgXs1JEGXkLlXfHH,CLOUD,STRAIGHT,CX1667-S,CAJA
1CHJ2HNo5I4fxJdzS6RG3z33F58Bx1IMB,CLOUD,STRAIGHT,CX1416-S,CAJA
1klVrekh5BNvD5PwvtqCeYLWucUsULQzt,CLOUD,STRAIGHT,CX1671-S,CAJA
1aRMnKYkwmImezRKMzqi-KM2mgkTaK98n,CLOUD,STRAIGHT,CX1385-S,CAJA
1nGj7VXpTe2-df-sTLIsWel0pWCSXDfm2,CLOUD,STRAIGHT,CX1358-S,CAJA
1LNukmYyLz5DsJa-om2XQzzLeoOgXjz3b,CLOUD,SKINNY,CX870,CAJA
1ZYiwf-xOFI3fgP-hX-r0yCk-M3SxjBF8,CLOUD,STRAIGHT,CX1376-S,CAJA
1no1ZxpV9ap2PY7d6oShOVtCgmi9g4hBc,CLOUD,SKINNY,CX141,CAJA
1NHii5wBoi0JUwt17i1Z507lZxCpst__0,CLOUD,SKINNY,CX136,CAJA
1reb0x1TzRRaqOPx4vnAgBm9KlK1U9E_v,CLOUD,SKINNY,CX86,CAJA
1t-Yf8mIfayWO3k-gpYcgN9j5EAKmQLBT,CLOUD,SKINNY,CX755,CAJA
1UUNEHdlcTErERLyM73yv2bYpAlNDtWMu,CLOUD,SKINNY,CX25,CAJA
1WAxi4a1uwb1n85CZsA7XVWuiYrKPKh3I,CLOUD,SKINNY,C4014,CAJA
1z8QsSuXTRMtmfVVa2q0CkHynn2ZQMg4u,CLOUD,SKINNY,C4058,CAJA
1a1sgLT2mzKQzHCGLl-itbj0z6gcf2vb0,CLOUD,SKINNY,CX773,CAJA
1LDYI5zjp664wDSmyyyxhhIdJf4p003yg,CLOUD,SKINNY,CX683,CAJA
1gvNXtaN844-AGA4dWYIrJRItFl7nym8e,CLOUD,MOM,CX1536,CAJA
1TsB_UqIaTjzRRv0M46twA8YYzDhOREPi,CLOUD_PLUS,SKINNY,CX2029-P,CAJA
1OMcnWCW1DoPk0x9Q3FyJ29U42qIJ5odj,CLOUD,SKINNY,CX137,CAJA
1h64GLirsMYol65EClwt5TEFPxiewi_H1,CLOUD_PLUS,SKINNY,CX2030-P,CAJA
17bUvDsfC_UX5_4v-oHbXzTjdcgnvhs2v,CLOUD_PLUS,SKINNY,CX2027-P,CAJA
1GSvheVQS7fdVJVSYGDuAM_cUsz0iQkX0,CLOUD_PLUS,SKINNY,CX1809-P,CAJA
1arVLsulxvjWDTT0jWKxSDpimupQtU-FS,CLOUD,MOM,CX1543,CAJA
1ZUdXzNs0F4TSzUEFajLs1ri7E50ixuCQ,CLOUD,SKINNY,CX1867,PAQUETE
1PGxj-9lWT99rbT8bIaPCzsD5hEzlrk4Z,CLOUD,SKINNY,Cl4036,PAQUETE
1nD_FzFgU4NTEpX18lbGCjmxWRSi4S8Pb,CLOUD,STRAIGHT,CX1711,PAQUETE
1dMSKv9WE5Im5oI5kF5REA0CeJy7MKe8i,CLOUD,STRAIGHT,CX1334-S,PAQUETE
1WC7zv9uDAkvnwV9PMZ5nfqda2DEX4Bos,CLOUD,SKINNY,CL4064,PAQUETE
1VSWuEX7ATsCV5XXb5YeJANdgfxJqZ6MZ,CLOUD,SKINNY,CL4065,PAQUETE
1ZUdXzNs0F4TSzUEFajLs1ri7E50ixuCQ,CLOUD,SKINNY,CX1868,PAQUETE
1PGxj-9lWT99rbT8bIaPCzsD5hEzlrk4Z,CLOUD,SKINNY,Cl4037,PAQUETE
1nD_FzFgU4NTEpX18lbGCjmxWRSi4S8Pb,CLOUD,STRAIGHT,CX1712,PAQUETE
1dMSKv9WE5Im5oI5kF5REA0CeJy7MKe8i,CLOUD,STRAIGHT,CX1334-S,PAQUETE
1WC7zv9uDAkvnwV9PMZ5nfqda2DEX4Bos,CLOUD,SKINNY,CL4066,PAQUETE
1VSWuEX7ATsCV5XXb5YeJANdgfxJqZ6MZ,CLOUD,SKINNY,CL4067,PAQUETE
1ZUdXzNs0F4TSzUEFajLs1ri7E50ixuCQ,CLOUD,SKINNY,CX1869,PAQUETE
1PGxj-9lWT99rbT8bIaPCzsD5hEzlrk4Z,CLOUD,SKINNY,Cl4038,PAQUETE
1nD_FzFgU4NTEpX18lbGCjmxWRSi4S8Pb,CLOUD,STRAIGHT,CX1713,PAQUETE
1dMSKv9WE5Im5oI5kF5REA0CeJy7MKe8i,CLOUD,STRAIGHT,CX1334-S,PAQUETE
1WC7zv9uDAkvnwV9PMZ5nfqda2DEX4Bos,CLOUD,SKINNY,CL4068,PAQUETE
1VSWuEX7ATsCV5XXb5YeJANdgfxJqZ6MZ,CLOUD,SKINNY,CL4069,PAQUETE
1ZUdXzNs0F4TSzUEFajLs1ri7E50ixuCQ,CLOUD,SKINNY,CX1870,PAQUETE
1PGxj-9lWT99rbT8bIaPCzsD5hEzlrk4Z,CLOUD,SKINNY,Cl4039,PAQUETE
1nD_FzFgU4NTEpX18lbGCjmxWRSi4S8Pb,CLOUD,STRAIGHT,CX1714,PAQUETE
1dMSKv9WE5Im5oI5kF5REA0CeJy7MKe8i,CLOUD,STRAIGHT,CX1334-S,PAQUETE
1WC7zv9uDAkvnwV9PMZ5nfqda2DEX4Bos,CLOUD,SKINNY,CL4070,PAQUETE
1VSWuEX7ATsCV5XXb5YeJANdgfxJqZ6MZ,CLOUD,SKINNY,CL4071,PAQUETE
1ZUdXzNs0F4TSzUEFajLs1ri7E50ixuCQ,CLOUD,SKINNY,CX1871,PAQUETE
1PGxj-9lWT99rbT8bIaPCzsD5hEzlrk4Z,CLOUD,SKINNY,Cl4040,PAQUETE
1nD_FzFgU4NTEpX18lbGCjmxWRSi4S8Pb,CLOUD,STRAIGHT,CX1715,PAQUETE
1dMSKv9WE5Im5oI5kF5REA0CeJy7MKe8i,CLOUD,STRAIGHT,CX1334-S,PAQUETE
1WC7zv9uDAkvnwV9PMZ5nfqda2DEX4Bos,CLOUD,SKINNY,CL4072,PAQUETE
1VSWuEX7ATsCV5XXb5YeJANdgfxJqZ6MZ,CLOUD,SKINNY,CL4073,PAQUETE
1ZUdXzNs0F4TSzUEFajLs1ri7E50ixuCQ,CLOUD,SKINNY,CX1872,PAQUETE
1PGxj-9lWT99rbT8bIaPCzsD5hEzlrk4Z,CLOUD,SKINNY,Cl4041,PAQUETE
1nD_FzFgU4NTEpX18lbGCjmxWRSi4S8Pb,CLOUD,STRAIGHT,CX1716,PAQUETE
1dMSKv9WE5Im5oI5kF5REA0CeJy7MKe8i,CLOUD,STRAIGHT,CX1334-S,PAQUETE
1WC7zv9uDAkvnwV9PMZ5nfqda2DEX4Bos,CLOUD,SKINNY,CL4074,PAQUETE
1VSWuEX7ATsCV5XXb5YeJANdgfxJqZ6MZ,CLOUD,SKINNY,CL4075,PAQUETE
1ZUdXzNs0F4TSzUEFajLs1ri7E50ixuCQ,CLOUD,SKINNY,CX1873,PAQUETE
1PGxj-9lWT99rbT8bIaPCzsD5hEzlrk4Z,CLOUD,SKINNY,Cl4042,PAQUETE
1nD_FzFgU4NTEpX18lbGCjmxWRSi4S8Pb,CLOUD,STRAIGHT,CX1717,PAQUETE
1dMSKv9WE5Im5oI5kF5REA0CeJy7MKe8i,CLOUD,STRAIGHT,CX1334-S,PAQUETE
1WC7zv9uDAkvnwV9PMZ5nfqda2DEX4Bos,CLOUD,SKINNY,CL4076,PAQUETE
1VSWuEX7ATsCV5XXb5YeJANdgfxJqZ6MZ,CLOUD,SKINNY,CL4077,PAQUETE
1ZUdXzNs0F4TSzUEFajLs1ri7E50ixuCQ,CLOUD,SKINNY,CX1874,PAQUETE
1PGxj-9lWT99rbT8bIaPCzsD5hEzlrk4Z,CLOUD,SKINNY,Cl4043,PAQUETE
1nD_FzFgU4NTEpX18lbGCjmxWRSi4S8Pb,CLOUD,STRAIGHT,CX1718,PAQUETE
1dMSKv9WE5Im5oI5kF5REA0CeJy7MKe8i,CLOUD,STRAIGHT,CX1334-S,PAQUETE
1WC7zv9uDAkvnwV9PMZ5nfqda2DEX4Bos,CLOUD,SKINNY,CL4078,PAQUETE
1VSWuEX7ATsCV5XXb5YeJANdgfxJqZ6MZ,CLOUD,SKINNY,CL4079,PAQUETE
1ZUdXzNs0F4TSzUEFajLs1ri7E50ixuCQ,CLOUD,SKINNY,CX1875,PAQUETE
1PGxj-9lWT99rbT8bIaPCzsD5hEzlrk4Z,CLOUD,SKINNY,Cl4044,PAQUETE
1nD_FzFgU4NTEpX18lbGCjmxWRSi4S8Pb,CLOUD,STRAIGHT,CX1719,PAQUETE
1dMSKv9WE5Im5oI5kF5REA0CeJy7MKe8i,CLOUD,STRAIGHT,CX1334-S,PAQUETE
1WC7zv9uDAkvnwV9PMZ5nfqda2DEX4Bos,CLOUD,SKINNY,CL4080,PAQUETE
1VSWuEX7ATsCV5XXb5YeJANdgfxJqZ6MZ,CLOUD,SKINNY,CL4081,PAQUETE
1ZUdXzNs0F4TSzUEFajLs1ri7E50ixuCQ,CLOUD,SKINNY,CX1876,PAQUETE
1PGxj-9lWT99rbT8bIaPCzsD5hEzlrk4Z,CLOUD,SKINNY,Cl4045,PAQUETE
1nD_FzFgU4NTEpX18lbGCjmxWRSi4S8Pb,CLOUD,STRAIGHT,CX1720,PAQUETE
1dMSKv9WE5Im5oI5kF5REA0CeJy7MKe8i,CLOUD,STRAIGHT,CX1334-S,PAQUETE
1WC7zv9uDAkvnwV9PMZ5nfqda2DEX4Bos,CLOUD,SKINNY,CL4082,PAQUETE
1VSWuEX7ATsCV5XXb5YeJANdgfxJqZ6MZ,CLOUD,SKINNY,CL4083,PAQUETE
1ZUdXzNs0F4TSzUEFajLs1ri7E50ixuCQ,CLOUD,SKINNY,CX1877,PAQUETE
1PGxj-9lWT99rbT8bIaPCzsD5hEzlrk4Z,CLOUD,SKINNY,Cl4046,PAQUETE
1nD_FzFgU4NTEpX18lbGCjmxWRSi4S8Pb,CLOUD,STRAIGHT,CX1721,PAQUETE
1dMSKv9WE5Im5oI5kF5REA0CeJy7MKe8i,CLOUD,STRAIGHT,CX1334-S,PAQUETE
1WC7zv9uDAkvnwV9PMZ5nfqda2DEX4Bos,CLOUD,SKINNY,CL4084,PAQUETE
1VSWuEX7ATsCV5XXb5YeJANdgfxJqZ6MZ,CLOUD,SKINNY,CL4085,PAQUETE
1ZUdXzNs0F4TSzUEFajLs1ri7E50ixuCQ,CLOUD,SKINNY,CX1878,PAQUETE
1PGxj-9lWT99rbT8bIaPCzsD5hEzlrk4Z,CLOUD,SKINNY,Cl4047,PAQUETE
1nD_FzFgU4NTEpX18lbGCjmxWRSi4S8Pb,CLOUD,STRAIGHT,CX1722,PAQUETE
1dMSKv9WE5Im5oI5kF5REA0CeJy7MKe8i,CLOUD,STRAIGHT,CX1334-S,PAQUETE
1WC7zv9uDAkvnwV9PMZ5nfqda2DEX4Bos,CLOUD,SKINNY,CL4086,PAQUETE
1VSWuEX7ATsCV5XXb5YeJANdgfxJqZ6MZ,CLOUD,SKINNY,CL4087,PAQUETE
1ZUdXzNs0F4TSzUEFajLs1ri7E50ixuCQ,CLOUD,SKINNY,CX1879,PAQUETE
1PGxj-9lWT99rbT8bIaPCzsD5hEzlrk4Z,CLOUD,SKINNY,Cl4048,PAQUETE
1nD_FzFgU4NTEpX18lbGCjmxWRSi4S8Pb,CLOUD,STRAIGHT,CX1723,PAQUETE
1dMSKv9WE5Im5oI5kF5REA0CeJy7MKe8i,CLOUD,STRAIGHT,CX1334-S,PAQUETE
1WC7zv9uDAkvnwV9PMZ5nfqda2DEX4Bos,CLOUD,SKINNY,CL4088,PAQUETE
1VSWuEX7ATsCV5XXb5YeJANdgfxJqZ6MZ,CLOUD,SKINNY,CL4089,PAQUETE
1ZUdXzNs0F4TSzUEFajLs1ri7E50ixuCQ,CLOUD,SKINNY,CX1880,PAQUETE
1PGxj-9lWT99rbT8bIaPCzsD5hEzlrk4Z,CLOUD,SKINNY,Cl4049,PAQUETE
1nD_FzFgU4NTEpX18lbGCjmxWRSi4S8Pb,CLOUD,STRAIGHT,CX1724,PAQUETE
1dMSKv9WE5Im5oI5kF5REA0CeJy7MKe8i,CLOUD,STRAIGHT,CX1334-S,PAQUETE
1WC7zv9uDAkvnwV9PMZ5nfqda2DEX4Bos,CLOUD,SKINNY,CL4090,PAQUETE
1VSWuEX7ATsCV5XXb5YeJANdgfxJqZ6MZ,CLOUD,SKINNY,CL4091,PAQUETE
1ZUdXzNs0F4TSzUEFajLs1ri7E50ixuCQ,CLOUD,SKINNY,CX1881,PAQUETE
1PGxj-9lWT99rbT8bIaPCzsD5hEzlrk4Z,CLOUD,SKINNY,Cl4050,PAQUETE
1nD_FzFgU4NTEpX18lbGCjmxWRSi4S8Pb,CLOUD,STRAIGHT,CX1725,PAQUETE
1dMSKv9WE5Im5oI5kF5REA0CeJy7MKe8i,CLOUD,STRAIGHT,CX1334-S,PAQUETE
1WC7zv9uDAkvnwV9PMZ5nfqda2DEX4Bos,CLOUD,SKINNY,CL4092,PAQUETE
1VSWuEX7ATsCV5XXb5YeJANdgfxJqZ6MZ,CLOUD,SKINNY,CL4093,PAQUETE
1ZUdXzNs0F4TSzUEFajLs1ri7E50ixuCQ,CLOUD,SKINNY,CX1882,PAQUETE
1PGxj-9lWT99rbT8bIaPCzsD5hEzlrk4Z,CLOUD,SKINNY,Cl4051,PAQUETE
1nD_FzFgU4NTEpX18lbGCjmxWRSi4S8Pb,CLOUD,STRAIGHT,CX1726,PAQUETE
1dMSKv9WE5Im5oI5kF5REA0CeJy7MKe8i,CLOUD,STRAIGHT,CX1334-S,PAQUETE
1WC7zv9uDAkvnwV9PMZ5nfqda2DEX4Bos,CLOUD,SKINNY,CL4094,PAQUETE
1VSWuEX7ATsCV5XXb5YeJANdgfxJqZ6MZ,CLOUD,SKINNY,CL4095,PAQUETE
1ZUdXzNs0F4TSzUEFajLs1ri7E50ixuCQ,CLOUD,SKINNY,CX1883,PAQUETE
1PGxj-9lWT99rbT8bIaPCzsD5hEzlrk4Z,CLOUD,SKINNY,Cl4052,PAQUETE
1nD_FzFgU4NTEpX18lbGCjmxWRSi4S8Pb,CLOUD,STRAIGHT,CX1727,PAQUETE
